VOC,별점,상품명
예정일보다 사흘 늦게 도착해서 불편했어요.,2,무선 이어폰
상자가 찌그러졌지만 제품은 정상입니다.,3,무선 이어폰
주문한 색상과 다른 색상이 왔어요.,1,무선 이어폰
다음 날 바로 받아서 만족합니다.,5,무선 이어폰
일주일 만에 한쪽에서 소리가 안 나요.,1,무선 이어폰
연결이 자주 끊겨서 통화하기 어려워요.,2,무선 이어폰
음질이 선명하고 저음도 좋아요.,5,무선 이어폰
배터리가 설명보다 빨리 닳는 것 같아요.,2,무선 이어폰
모서리 마감이 거칠어서 손에 걸려요.,2,휴대용 스피커
색상과 디자인이 사진처럼 예뻐요.,5,휴대용 스피커
버튼 표시가 작아서 조작하기 어려워요.,2,휴대용 스피커
설정 과정이 간단해서 바로 사용했어요.,5,휴대용 스피커
비슷한 성능의 다른 제품보다 가격이 높아요.,2,휴대용 스피커
할인 가격으로 구매해서 만족해요.,5,휴대용 스피커
배송비가 결제 직전에 표시되어 당황했어요.,2,휴대용 스피커
상담원 연결까지 너무 오래 기다렸어요.,1,무선 이어폰
교환 절차를 친절하게 설명해주셨어요.,5,무선 이어폰
반품 비용 안내가 서로 달라서 혼란스러워요.,2,무선 이어폰
제품은 마음에 들지만 배송이 늦었어요.,3,휴대용 스피커
아직 사용 전이라 성능은 모르겠어요.,3,휴대용 스피커
